company,website,segment,category,contact_name,email,email_source_url,whatsapp,hook,subject_1,subject_2,template,status
Moxie Beauty,moxiebeauty.in,brand,Haircare,,support@moxiebeauty.in,https://www.moxiebeauty.in/pages/contact,+91 99711 93530,your frizz-fighting hair serums and the humidity claim,Free sample frame for Moxie Beauty's serum range?,Built one for your Hyaluronic Acid serum - no charge,brand,
Fix My Curls,fixmycurls.com,brand,Curly haircare,,customercarefmc@gmail.com,https://fixmycurls.com/pages/contact-us,WhatsApp on page,the Milky Leave-In Serum and curl-definition ranges,Free sample frame for your curl range?,One curl-definition image for Fix My Curls - free to keep,brand,
Deconstruct,thedeconstruct.in,brand,Skincare,,wecare@thedeconstruct.in,https://thedeconstruct.in/pages/contact,+91 9398249040,your single-active serums with the percentage printed on the pack,A free main image for one Deconstruct serum,Saw your pack design - can I shoot it?,brand,
Vilvah,vilvah.com,brand,Skincare and haircare,,care@vilvah.com,https://vilvah.com/pages/contact,,the goat-milk range across your bundles and gifting sets,Free sample frame for the goat-milk range?,One free image for a Vilvah bundle,brand,
Simply Nam,simplynam.com,brand,Makeup,,support@simplynam.com,https://www.simplynam.com/pages/contact-us,,the Hydrafit concealer shade range,Free shade-range shot for Simply Nam,Can I shoot your Hydrafit shades for free?,brand,
Auli Lifestyle,aulilifestyle.com,brand,Ayurvedic skincare,,info@aulilifestyle.com,https://www.aulilifestyle.com/pages/contact-us,+91 7044017555,your concern-led navigation and the Glow and Grow collaboration programme,Free frame for the Glow and Grow collab?,Partnering on Auli's consultation content - sample ready,brand,
The Skin Story,theskinstory.in,brand,Skincare and haircare,,orders@theskinstory.in,https://www.theskinstory.in/pages/contact-us,+91 8591976281,the Curl Range and Bond Repair regimes,Free frame for your Curl Range?,One concern-led image for The Skin Story - free,brand,
Arata,arata.in,brand,Haircare and scalp,,marketing@arata.in,https://www.arata.in/pages/contact,1800-103-5572,the MitoActive hair growth serum at 1499,Free frame for the MitoActive serum?,Scalp macro shot for Arata - free sample,brand,
indewild,indewild.com,brand,Haircare and lip care,,you@indewild.com,https://www.indewild.com/pages/contact-us,+91 93726 82623,the Masala Chai and Glazed Jalebi lip range,Free macro shot for the Masala Chai lip,Colour shot for inde wild's lip range - free,brand,
Ruby's Organics,rubysorganics.in,brand,Organic cosmetics,,marketing@rubysorganics.in,https://rubysorganics.in/pages/contact,,the lip oil glosses and the onestick range,Free gloss macro for Ruby's Organics,One free texture shot for your lip oil - keep it,brand,
CosIQ,mycosiq.com,brand,Skincare,,care@mycosiq.com,https://mycosiq.com/pages/contact,+91 93109 70875,the Dark Underarms and Intimate Care range,Free frame for the Intimate Care range?,Sample image ready for CosIQ - no charge,brand,
Juicy Chemistry,juicychemistry.com,brand,Organic skincare,,sales@juicychemistry.com,https://juicychemistry.com/pages/contact,0422 247 2852,the cold-processed soap bars and pure aloe vera gel,Free frame for a cold-processed bar?,One soap bar texture shot - free to keep,brand,
SkinKraft,skinkraft.com,brand,Skincare,,support@skinkraft.com,https://www.skinkraft.com/pages/contact-us,1800-120-004488,the Advanced 98% Snail Mucin Hydrating Serum,Free texture shot for the Snail Mucin serum,Snail mucin goo shot - free sample,brand,
Hyphen,letshyphen.com,brand,Skincare,,care@letshyphen.com,https://letshyphen.com/pages/contact-us,+91 9004082257,the Melanoclear range and your Skin School section,Free frame for the Melanoclear launch?,Sample shot for Hyphen's new launch - free,brand,
Dot and Key,dotandkey.com,brand,Skincare,,care@dotandkey.com,https://dotandkey.com/pages/contact-us,WhatsApp on page,the Watermelon and Strawberry Dew tinted sunscreens,Free frame for the tinted sunscreens,Texture swipe shot for Dot and Key - free,brand,
Earth Rhythm,earthrhythm.in,brand,Clean beauty,,business@earthrhythm.com,https://earthrhythm.in/pages/contact-us,9958825846,your shampoo bars and the Sunscreen Stick and Spray,Free frame for the Sunscreen Stick,One shot for Earth Rhythm's stick format - free,brand,
Sugar Cosmetics,sugarcosmetics.com,brand,Makeup,,hello@sugarcosmetics.com,https://www.sugarcosmetics.com/pages/contact-us,,the Under 249 tier and your shade ladders,Free shade shot for the Under 249 tier?,Sample frame ready for Sugar - no charge,brand,
Re'equil,reequil.com,brand,Skincare,,care@reequil.com,https://www.reequil.com/pages/support,+91 73407 58758,the Monsoon Essentials and Oil Control Summer sets,Free frame for the Monsoon Essentials set,Sample for the Oil Control set - free to keep,brand,
Weaving Homes,weavinghomes.in,marketplace,Home decor and tableware,,customers.weavinghomes@gmail.com,https://weavinghomes.in/pages/contact-us,+91 97181 85525,your ceramic dinnerware range and the Buy 10 Pay for 7 bulk scheme,Free compliant shot for one dinnerware SKU?,Sample packshot for Weaving Homes - free,marketplace,
Sumeko,sumeko.in,brand,Candles and ceramics,,hello@sumeko.in,https://sumeko.in/pages/contact,+91 7973573179,your soy candles and glazed ceramics,Free shot for the candle range?,A candle macro shot - free to keep,brand,
Shanaya Clothing,shanayaclothing.com,brand,Ethnic wear,,shanayaclothing.help@gmail.com,https://shanayaclothing.com/pages/contact,+91 93164 72500,the Rustic Rhyme Co-ord and Saffron Spice Dress,Free lookbook frame for your co-ords?,One editorial image for Shanaya - free,brand,
myPAPERCLIP,paperclipstore.in,brand,Stationery,,sales@paperclipstore.in,https://paperclipstore.in/pages/contact,+91 88000 787766,your Custom Projects corporate gifting line,Free shot for a Custom Projects set?,Sample frame for myPAPERCLIP's gifting line,brand,
PetopiaCare,petopiacare.in,brand,Pet gear,,support@petopiacare.in,https://www.petopiacare.in/contact,+91 9667742377,harnesses designed for Indian dog body shapes,Free on-model shot for a PetopiaCare harness?,On-model sample for PetopiaCare - free to keep,brand,
Shopyogya,shopyogya.com,brand,Western wear,,info@shopyogya.com,https://shopyogya.com/pages/contact,+91 9217816963,your co-ords and dress range,Free lookbook frame for Shopyogya?,One on-model image for your co-ords - free,brand,
Indian Home Craft,indihomecraft.com,marketplace,Cushion covers,,Indihomecraft@gmail.com,https://indihomecraft.com/pages/contact,+91 8824281097,the five cushion cover collections split by fabric and print,Free compliant shot for a cushion cover?,Sample packshot for Indian Home Craft - free,marketplace,
Celljoy,celljoy.in,marketplace,Consumer electronics,,info@celljoy.in,https://www.celljoy.in/contact-us,+91 98704 36088,your 200+ SKU catalogue across earphones and power banks,Free compliant shot for one Celljoy SKU?,Sample main image for Celljoy - free,marketplace,
Doggifys,doggifys.com,marketplace,Pet products,,doggifys@gmail.com,https://doggifys.com/pages/contact,+91 8882915606,the personalised Dog Name Harness,Free shot for the Dog Name Harness?,Can I shoot your name harness - free sample?,marketplace,
Dadni Fashion,dadnifashion.com,brand,Streetwear,,manish783892@gmail.com,https://dadnifashion.com/pages/contact-us,+91 9821445704,the oversized-fit pieces where fit on model is the whole sell,Free fit shot for an oversized piece?,One on-model frame for Dadni - free,brand,
Gokul Snacks,gokulsnacks.com,marketplace,Snacks and bakery,,info@gokulsnacks.com,https://gokulsnacks.com/pages/contact,+91 9898954545,the full namkeen and bakery range from one factory,Free packshot for one Gokul SKU?,Sample packshot for Gokul Snacks - free,marketplace,
NutMutt,nutmutt.com,brand,Food and spreads,,hello@nutmutt.com,https://nutmutt.com/pages/contact-us,Contact form,the pistachio spread jars where texture is the selling point,Free texture shot for a NutMutt jar?,Pour shot for NutMutt - free to keep,brand,
Dare Network,thedarenetwork.com,agency,D2C growth and creative,,emil@thedarenetwork.com,https://www.thedarenetwork.com/contact-us,WhatsApp Emil,D2C creative and paid ads for brands at 30L a month and up,Overflow production capacity for Dare's clients?,White-label 24-48h production for your D2C clients,agency,
Eighteen Digital Marketing,eighteendigitalmarketing.com,agency,Digital marketing,,bd@eighteendigitalmarketing.com,https://eighteendigitalmarketing.com/contact,+91 70160 30244,the Photoshoot and Ad Shoot lines you already list as services,Overflow capacity for your Photoshoot line?,A backup bench for Eighteen Digital's shoot work,agency,
Social Eyes,socialeyes.in,agency,Digital and Amazon marketing,,info@socialeyes.in,https://socialeyes.in/contact-us-today-to-get-your-brand-managed,+91 97666 95666,Product Photography listed under Brand Management alongside Amazon marketing,White-label packshots for Social Eyes' Amazon clients,Overflow shoot capacity for your Amazon work - free sample,agency,
Buzz Buddy Media Agency,buzzbuddymedia.com,agency,Digital and UGC,,info@buzzbuddymedia.com,https://buzzbuddymedia.com/contact-us/,9876756432,UGC and influencer work for your school and playzone clients,Overflow stills for your UGC campaigns?,Backup production for Buzz Buddy's UGC work,agency,
The Prink Media,theprinkmedia.com,agency,Social media management,,info@theprinkmedia.com,https://www.theprinkmedia.com/contact-us,+91 98925 03569,social media management and content production for Mumbai brands,Overflow content production for The Prink Media?,A reliable 48h bench for your SMM content,agency,
Media Next Door,medianextdoor.com,agency,Social media and content,,contact@medianextdoor.com,https://medianextdoor.com/contact-us/,+91 7738339271,SMM and content production across your restaurant and retail clients,Overflow shoots for restaurant and retail clients?,White-label content run for Media Next Door,agency,
TeamTSB,teamtsb.com,agency,Ecommerce and Amazon,,siddhant@teamtsb.com,https://www.teamtsb.com/contact,+91 72088 96541,Product Photography that Sells alongside Amazon listing content,Rush capacity when your shoot calendar fills,Overflow packshots at 24-48h for TeamTSB,agency,
Jamna Digi Web Solutions,jamnadigi.com,agency,Web SEO and product photography,,info@jamnadigi.com,https://jamnadigi.com/product-photography,+91 7014282989,the product photography service you resell to ecommerce clients,Overflow for your resold photography work?,Backup shoot capacity for Jamna Digi's clients,agency,verify email
Lohar Studio,loharstudio.com,agency,Product photography studio,Sanjay Babu Lohar,contact@loharstudio.com,https://www.loharstudio.com/contact,+91 9312070458,the 24-72h packshot bench that 4000 brands run on,Overflow capacity when your weekly slots fill,Rush packshots at 48h for Lohar's overflow,agency,
7 Iris Studio,7irisstudio.in,agency,Studio,,info.7iris@gmail.com,https://www.7irisstudio.in/,+91 8983340950,your e-commerce and lookbook categories alongside the academy,Overflow for your e-commerce and lookbook work?,Extra shoot capacity for 7 Iris Studio,agency,
Emipix Solutions,emipixsolutions.com,agency,Product photography studio,,emipixsolutions@gmail.com,https://emipixsolutions.com/pages/contact-us,8239166979,jewellery and food packshot categories alongside fashion and home decor,Overflow for jewellery or food pack categories?,A second bench for Emipix on jewellery and food,agency,
Tatva Studio,tatvastudio.in,agency,Product photography studio,,tatvastudio07@gmail.com,https://tatvastudio.in/contact/,+91 7204038631,ecommerce and food shoots spread across multiple categories,Overflow when you are at full capacity,Rush capacity for Tatva Studio - 48h,agency,
Digisetu India,digisetuindia.com,agency,Marketing and communications,,no email on site,https://digisetuindia.com/contact,+91 9057777267,the Capture product photography studio in Jaipur,Overflow for your Capture photography service?,A 48h bench for Digisetu's Capture line,agency,no public email
THE SUNYA,thesunya.co,brand,Apparel,,support@thesunya.co,https://thesunya.co/policies/contact-information,+91 62398 66318,52 knit polos across 6 colourways,Free sample frame for the Sunya knit polos?,Built one frame for the Oxford Edit - free,brand,
CommonGround,common-ground.in,brand,Apparel,,NO EMAIL,https://common-ground.in/pages/contact,+91 93805 81676,womens oversized drop-shoulder silhouettes,Free lookbook frame for CommonGround,Sample lookbook frame ready - free,brand,no public email
Odd Affair,oddaffair.com,brand,Streetwear,,oddaffairindia@gmail.com,https://oddaffair.com/pages/contact,,experimental silhouettes in non-standard colourways,Free on-body shot for one colourway,One Odd Affair frame - free to keep,brand,
Ctrl Alt Drip,ctrlaltdrip.com,brand,Apparel,,support@ctrlaltdrip.com,https://www.ctrlaltdrip.com/pages/contact,,embroidered 320 GSM sweatshirts limited to 50 per run,Free lookbook frame for an embroidered piece,Sample frame for Ctrl Alt Drip - free,brand,
Yuva Streetwear,yuvastreetwear.com,brand,Print on demand apparel,,yuvastreetwear@gmail.com,https://yuvastreetwear.com/pages/contact,,the Icons of India ukiyo-e monument print,Free garment shot for the Icons of India drop,Sample frame for Yuva debut drop - free,brand,
The PopDrop Store,thepopdropstore.com,brand,Custom apparel,,info@thepopdropstore.com,https://www.thepopdropstore.com/pages/contact,918865999965,the customer mockup approval step before dispatch,Free shot for a custom order mockup,Can I shoot a PopDrop mockup - free?,brand,
Axerios,axerios.in,brand,Apparel,,axeriosgenzprints@gmail.com,https://www.axerios.in/,919540589758,400 GSM hoodies and 180 to 260 GSM tees,Free shot showing fabric weight,Sample frame for Axerios - free to keep,brand,
NorBlackNorWhite,norblacknorwhite.in,brand,Hand-dyed textiles,,india@norblacknorwhite.com,https://norblacknorwhite.in/policies/contact-information,,natural indigo hand-dyed textiles with varying dye lots,Free drape shot for an indigo piece,Sample drape frame for NorBlackNorWhite,brand,
White Haathi,whitehathi.com,brand,Jewellery,,hello@whitehathi.com,https://whitehathi.com/,,92.5% silver capsule pieces priced 1k to 3k,Free macro shot for a silver piece,One macro frame for White Haathi - free,brand,
Simply Silver by Neha,simplysilver.in,brand,Jewellery,,neha@simplysilver.in,https://simplysilver.in/,919522007950,the Seen On You real women real moments campaign,Free on-body shot for the worn-your-way range,Sample worn shot for Simply Silver - free,brand,
YurSilver,yursilver.com,brand,Jewellery and coins,,Team@yursilver.com,https://www.yursilver.com/pages/about-us,917303386669,999 silver coins and oxidized ethnic earrings,Free macro shot for a coin or earring pair,Sample frame for YurSilver - free,brand,
Zinara,zinara.in,brand,Lab-grown jewellery,,admin@zinara.in,https://zinara.in/pages/contact,92179 75782,6-layer 18KT vermeil over 925 with lab-grown stones,Free macro shot showing vermeil colour,Sample frame for Zinara - free to keep,brand,
AXELL,axell.in,brand,Watches,,support@axell.in,https://axell.in/pages/contact-us,98100 88182,the AXELL Skydeck strap swap rooftop store,Free dial shot for one strap colourway,One strap colourway shot for AXELL - free,brand,
MNMLST,mnmlst.in,brand,Watches and accessories,,support@mnmlst.in,https://www.mnmlst.in/pages/contact-us,,minimalist dials and the couples SKU,Free dial macro plus an on-wrist shot,Sample dial shot for MNMLST - free,brand,
PRAHAR,prahar.watch,brand,Watches,,NO EMAIL,https://prahar.watch,,jaali texture dials with applied elephant reliefs,Free raking light shot of a jaali dial,Sample for a jaali dial - free to keep,brand,no public email
Tamzy,tamzy.in,brand,Caps and sunglasses,,lifeisgood@tamzy.in,https://tamzy.in/pages/contact,7701894695,the caps and sunglasses ranges with a public model call,Free frame for the eyewear range,Shoot day plus casting for Tamzy - sample free,brand,
A09.STORE,a09store.com,brand,Accessories and apparel,,a09storeindia@gmail.com,https://www.a09store.com/pages/contact,,typography led totes and framed wall art,Free in-context shot for a tote or poster,Sample frame for A09.STORE - free,brand,
SHOEBILL,shoebill.in,brand,Caps and plus-size apparel,,sales@shoebill.in,https://shoebill.in/pages/contact,,the PLUS size series and cap range,Free lookbook frame for the PLUS series,Size inclusive sample shot for SHOEBILL,brand,
Jaywalking,jaywalking.in,brand,Apparel,,support@jaywalking.in,https://jaywalking.in/policies/contact-information,,the apparel range,Free sample frame for Jaywalking,Sample frame ready - free,brand,
Silvago,silvago.in,brand,Jewellery,,care@silvago.in,https://silvago.in/pages/contact,,925 silver pieces,Free macro shot for a Silvago piece,Sample macro frame - free,brand,
Mynah,mynahsilver.com,brand,Jewellery,,support@mynahsilver.com,https://mynahsilver.com/,,silver jewellery,Free macro shot for a Mynah piece,Sample frame for Mynah - free,brand,
Argos Watches,argoswatch.in,brand,Watches,,support@argoswatch.in,https://www.argoswatch.in/,918490001436,the watch range,Free dial shot for one Argos model,Sample dial frame - free,brand,
Supervek,supervek.in,brand,Accessories,,support@supervek.in,https://supervek.in/pages/contact,,Tyvek wallets bags and headwear,Free product shot for a Tyvek wallet,Sample frame for Supervek - free,brand,
ONYA,onyadiamonds.com,brand,Lab-grown jewellery,,onyadiamonds@gmail.com,https://onyadiamonds.com/pages/contact,919187214583,lab-grown diamond jewellery,Free macro shot for an ONYA piece,Sample frame for ONYA - free,brand,
Drip Mania,dripmania.in,brand,Apparel,,dripmania02@gmail.com,https://dripmania.in/about-us/,,the graphic apparel range,Free frame for a Drip Mania piece,Sample shot ready - free,brand,
Akhirah Eco,akhiraheco.com,brand,Bags,,akhirah.eco@gmail.com,https://akhiraheco.com/pages/contact,,upcycled plastic bags,Free product shot for an upcycled bag,Sample frame for Akhirah Eco - free,brand,
Tossido,tossido.in,brand,Accessories,,sales@tossido.in,https://tossido.in/pages/contact,,ties and pocket squares,Free styled shot for a tie range,Sample frame for Tossido - free,brand,
BLAKC,blakc.store,brand,Apparel and watches,,support@blakc.store,https://blakc.store/,,apparel plus a no-hands watch,Free dial shot for the watch,Sample frame for BLAKC - free,brand,
