priority,company,segment,category,wa_number,wa_link,website,email,hook,chars,message
50,Lohar Studio,agency,Product photography studio,919312070458,https://wa.me/919312070458,loharstudio.com,contact@loharstudio.com,the 24-72h packshot bench that 4000 brands run on,341,"Hi Sanjay - Sudhir from Global Photoshoots.
Saw this on your site: the 24-72h packshot bench that 4000 brands run on. Not competing with you.
Overflow work from product photos you already have. Your client, your brand, your margin, 24-48 hours.
Point me at one product and I'll send one frame free.
https://global-photoshoots.vercel.app/"
46,TeamTSB,agency,Ecommerce and Amazon,917208896541,https://wa.me/917208896541,teamtsb.com,siddhant@teamtsb.com,Product Photography that Sells alongside Amazon listing content,361,"Hi TeamTSB team - Sudhir from Global Photoshoots.
Saw this on your site: Product Photography that Sells alongside Amazon listing content. Not competing with you.
Overflow work from product photos you already have. Your client, your brand, your margin, 24-48 hours.
Point me at one product and I'll send one frame free.
https://global-photoshoots.vercel.app/"
44,Digisetu India,agency,Marketing and communications,919057777267,https://wa.me/919057777267,digisetuindia.com,no email on site,the Capture product photography studio in Jaipur,353,"Hi Digisetu India team - Sudhir from Global Photoshoots.
Saw this on your site: the Capture product photography studio in Jaipur. Not competing with you.
Overflow work from product photos you already have. Your client, your brand, your margin, 24-48 hours.
Point me at one product and I'll send one frame free.
https://global-photoshoots.vercel.app/"
34,Tamzy,brand,Caps and sunglasses,917701894695,https://wa.me/917701894695,tamzy.in,lifeisgood@tamzy.in,the caps and sunglasses ranges with a public model call,363,"Hi Tamzy team - Sudhir from Global Photoshoots.
Saw this on your site: the caps and sunglasses ranges with a public model call.
I build the scene around your real product photos, so colour, shape and label text stay accurate. 24-48 hours, anything wrong gets redone.
Point me at one product and I'll send one frame free.
https://global-photoshoots.vercel.app/"
32,Auli Lifestyle,brand,Ayurvedic skincare,917044017555,https://wa.me/917044017555,aulilifestyle.com,info@aulilifestyle.com,concern-led navigation and the Glow and Grow collaboration,375,"Hi Auli Lifestyle team - Sudhir from Global Photoshoots.
Saw this on your site: concern-led navigation and the Glow and Grow collaboration.
I build the scene around your real product photos, so colour, shape and label text stay accurate. 24-48 hours, anything wrong gets redone.
Point me at one product and I'll send one frame free.
https://global-photoshoots.vercel.app/"
32,Hyphen,brand,Skincare,919004082257,https://wa.me/919004082257,letshyphen.com,care@letshyphen.com,the Melanoclear range and your Skin School section,359,"Hi Hyphen team - Sudhir from Global Photoshoots.
Saw this on your site: the Melanoclear range and your Skin School section.
I build the scene around your real product photos, so colour, shape and label text stay accurate. 24-48 hours, anything wrong gets redone.
Point me at one product and I'll send one frame free.
https://global-photoshoots.vercel.app/"
30,Earth Rhythm,brand,Clean beauty,919958825846,https://wa.me/919958825846,earthrhythm.in,business@earthrhythm.com,shampoo bars and the Sunscreen Stick and Spray,361,"Hi Earth Rhythm team - Sudhir from Global Photoshoots.
Saw this on your site: shampoo bars and the Sunscreen Stick and Spray.
I build the scene around your real product photos, so colour, shape and label text stay accurate. 24-48 hours, anything wrong gets redone.
Point me at one product and I'll send one frame free.
https://global-photoshoots.vercel.app/"
28,7 Iris Studio,agency,Studio,918983340950,https://wa.me/918983340950,7irisstudio.in,info.7iris@gmail.com,e-commerce and lookbook categories alongside the academy,360,"Hi 7 Iris Studio team - Sudhir from Global Photoshoots.
Saw this on your site: e-commerce and lookbook categories alongside the academy. Not competing with you.
Overflow work from product photos you already have. Your client, your brand, your margin, 24-48 hours.
Point me at one product and I'll send one frame free.
https://global-photoshoots.vercel.app/"
28,Emipix Solutions,agency,Product photography studio,918239166979,https://wa.me/918239166979,emipixsolutions.com,emipixsolutions@gmail.com,jewellery and food packshot categories alongside fashion and,367,"Hi Emipix Solutions team - Sudhir from Global Photoshoots.
Saw this on your site: jewellery and food packshot categories alongside fashion and. Not competing with you.
Overflow work from product photos you already have. Your client, your brand, your margin, 24-48 hours.
Point me at one product and I'll send one frame free.
https://global-photoshoots.vercel.app/"
28,Tatva Studio,agency,Product photography studio,917204038631,https://wa.me/917204038631,tatvastudio.in,tatvastudio07@gmail.com,ecommerce and food shoots spread across multiple categories,362,"Hi Tatva Studio team - Sudhir from Global Photoshoots.
Saw this on your site: ecommerce and food shoots spread across multiple categories. Not competing with you.
Overflow work from product photos you already have. Your client, your brand, your margin, 24-48 hours.
Point me at one product and I'll send one frame free.
https://global-photoshoots.vercel.app/"
20,Buzz Buddy Media Agency,agency,Digital and UGC,919876756432,https://wa.me/919876756432,buzzbuddymedia.com,info@buzzbuddymedia.com,UGC and influencer work for your school and playzone clients,374,"Hi Buzz Buddy Media Agency team - Sudhir from Global Photoshoots.
Saw this on your site: UGC and influencer work for your school and playzone clients. Not competing with you.
Overflow work from product photos you already have. Your client, your brand, your margin, 24-48 hours.
Point me at one product and I'll send one frame free.
https://global-photoshoots.vercel.app/"
20,Eighteen Digital Marketing,agency,Digital marketing,917016030244,https://wa.me/917016030244,eighteendigitalmarketing.com,bd@eighteendigitalmarketing.com,the Photoshoot and Ad Shoot lines you already list as services,379,"Hi Eighteen Digital Marketing team - Sudhir from Global Photoshoots.
Saw this on your site: the Photoshoot and Ad Shoot lines you already list as services. Not competing with you.
Overflow work from product photos you already have. Your client, your brand, your margin, 24-48 hours.
Point me at one product and I'll send one frame free.
https://global-photoshoots.vercel.app/"
20,Jamna Digi Web Solutions,agency,Web SEO and product photography,917014282989,https://wa.me/917014282989,jamnadigi.com,info@jamnadigi.com,the product photography service you resell to ecommerce clients,378,"Hi Jamna Digi Web Solutions team - Sudhir from Global Photoshoots.
Saw this on your site: the product photography service you resell to ecommerce clients. Not competing with you.
Overflow work from product photos you already have. Your client, your brand, your margin, 24-48 hours.
Point me at one product and I'll send one frame free.
https://global-photoshoots.vercel.app/"
20,Media Next Door,agency,Social media and content,917738339271,https://wa.me/917738339271,medianextdoor.com,contact@medianextdoor.com,SMM and content production across your restaurant and retail,366,"Hi Media Next Door team - Sudhir from Global Photoshoots.
Saw this on your site: SMM and content production across your restaurant and retail. Not competing with you.
Overflow work from product photos you already have. Your client, your brand, your margin, 24-48 hours.
Point me at one product and I'll send one frame free.
https://global-photoshoots.vercel.app/"
20,Social Eyes,agency,Digital and Amazon marketing,919766695666,https://wa.me/919766695666,socialeyes.in,info@socialeyes.in,Product Photography listed under Brand Management alongside,361,"Hi Social Eyes team - Sudhir from Global Photoshoots.
Saw this on your site: Product Photography listed under Brand Management alongside. Not competing with you.
Overflow work from product photos you already have. Your client, your brand, your margin, 24-48 hours.
Point me at one product and I'll send one frame free.
https://global-photoshoots.vercel.app/"
20,The Prink Media,agency,Social media management,919892503569,https://wa.me/919892503569,theprinkmedia.com,info@theprinkmedia.com,social media management and content production for Mumbai brands,370,"Hi The Prink Media team - Sudhir from Global Photoshoots.
Saw this on your site: social media management and content production for Mumbai brands. Not competing with you.
Overflow work from product photos you already have. Your client, your brand, your margin, 24-48 hours.
Point me at one product and I'll send one frame free.
https://global-photoshoots.vercel.app/"
18,Axerios,brand,Apparel,919540589758,https://wa.me/919540589758,axerios.in,axeriosgenzprints@gmail.com,400 GSM hoodies and 180 to 260 GSM tees,349,"Hi Axerios team - Sudhir from Global Photoshoots.
Saw this on your site: 400 GSM hoodies and 180 to 260 GSM tees.
I build the scene around your real product photos, so colour, shape and label text stay accurate. 24-48 hours, anything wrong gets redone.
Point me at one product and I'll send one frame free.
https://global-photoshoots.vercel.app/"
18,Dadni Fashion,brand,Streetwear,919821445704,https://wa.me/919821445704,dadnifashion.com,manish783892@gmail.com,the oversized-fit pieces where fit on model is the whole sell,377,"Hi Dadni Fashion team - Sudhir from Global Photoshoots.
Saw this on your site: the oversized-fit pieces where fit on model is the whole sell.
I build the scene around your real product photos, so colour, shape and label text stay accurate. 24-48 hours, anything wrong gets redone.
Point me at one product and I'll send one frame free.
https://global-photoshoots.vercel.app/"
18,ONYA,brand,Lab-grown jewellery,919187214583,https://wa.me/919187214583,onyadiamonds.com,onyadiamonds@gmail.com,lab-grown diamond jewellery,334,"Hi ONYA team - Sudhir from Global Photoshoots.
Saw this on your site: lab-grown diamond jewellery.
I build the scene around your real product photos, so colour, shape and label text stay accurate. 24-48 hours, anything wrong gets redone.
Point me at one product and I'll send one frame free.
https://global-photoshoots.vercel.app/"
18,Shanaya Clothing,brand,Ethnic wear,919316472500,https://wa.me/919316472500,shanayaclothing.com,shanayaclothing.help@gmail.com,the Rustic Rhyme Co-ord and Saffron Spice Dress,366,"Hi Shanaya Clothing team - Sudhir from Global Photoshoots.
Saw this on your site: the Rustic Rhyme Co-ord and Saffron Spice Dress.
I build the scene around your real product photos, so colour, shape and label text stay accurate. 24-48 hours, anything wrong gets redone.
Point me at one product and I'll send one frame free.
https://global-photoshoots.vercel.app/"
14,Doggifys,marketplace,Pet products,918882915606,https://wa.me/918882915606,doggifys.com,doggifys@gmail.com,the personalised Dog Name Harness,340,"Hi Doggifys team - Sudhir from Global Photoshoots.
Saw this on your site: the personalised Dog Name Harness.
Amazon, Flipkart and Myntra compliant main images, from your real product photos, so the listing matches what ships. 24-48 hours.
Point me at one product and I'll send one free main image.
https://global-photoshoots.vercel.app/"
14,Indian Home Craft,marketplace,Cushion covers,918824281097,https://wa.me/918824281097,indihomecraft.com,Indihomecraft@gmail.com,the five cushion cover collections split by fabric and print,376,"Hi Indian Home Craft team - Sudhir from Global Photoshoots.
Saw this on your site: the five cushion cover collections split by fabric and print.
Amazon, Flipkart and Myntra compliant main images, from your real product photos, so the listing matches what ships. 24-48 hours.
Point me at one product and I'll send one free main image.
https://global-photoshoots.vercel.app/"
14,Weaving Homes,marketplace,Home decor and tableware,919718185525,https://wa.me/919718185525,weavinghomes.in,customers.weavinghomes@gmail.com,ceramic dinnerware range and the Buy 10 Pay for 7 bulk scheme,373,"Hi Weaving Homes team - Sudhir from Global Photoshoots.
Saw this on your site: ceramic dinnerware range and the Buy 10 Pay for 7 bulk scheme.
Amazon, Flipkart and Myntra compliant main images, from your real product photos, so the listing matches what ships. 24-48 hours.
Point me at one product and I'll send one free main image.
https://global-photoshoots.vercel.app/"
10,Argos Watches,brand,Watches,918490001436,https://wa.me/918490001436,argoswatch.in,support@argoswatch.in,the watch range,331,"Hi Argos Watches team - Sudhir from Global Photoshoots.
Saw this on your site: the watch range.
I build the scene around your real product photos, so colour, shape and label text stay accurate. 24-48 hours, anything wrong gets redone.
Point me at one product and I'll send one frame free.
https://global-photoshoots.vercel.app/"
10,AXELL,brand,Watches,919810088182,https://wa.me/919810088182,axell.in,support@axell.in,the AXELL Skydeck strap swap rooftop store,350,"Hi AXELL team - Sudhir from Global Photoshoots.
Saw this on your site: the AXELL Skydeck strap swap rooftop store.
I build the scene around your real product photos, so colour, shape and label text stay accurate. 24-48 hours, anything wrong gets redone.
Point me at one product and I'll send one frame free.
https://global-photoshoots.vercel.app/"
10,CommonGround,brand,Apparel,919380581676,https://wa.me/919380581676,common-ground.in,NO EMAIL,womens oversized drop-shoulder silhouettes,357,"Hi CommonGround team - Sudhir from Global Photoshoots.
Saw this on your site: womens oversized drop-shoulder silhouettes.
I build the scene around your real product photos, so colour, shape and label text stay accurate. 24-48 hours, anything wrong gets redone.
Point me at one product and I'll send one frame free.
https://global-photoshoots.vercel.app/"
10,CosIQ,brand,Skincare,919310970875,https://wa.me/919310970875,mycosiq.com,care@mycosiq.com,the Dark Underarms and Intimate Care range,350,"Hi CosIQ team - Sudhir from Global Photoshoots.
Saw this on your site: the Dark Underarms and Intimate Care range.
I build the scene around your real product photos, so colour, shape and label text stay accurate. 24-48 hours, anything wrong gets redone.
Point me at one product and I'll send one frame free.
https://global-photoshoots.vercel.app/"
10,indewild,brand,Haircare and lip care,919372682623,https://wa.me/919372682623,indewild.com,you@indewild.com,the Masala Chai and Glazed Jalebi lip range,354,"Hi indewild team - Sudhir from Global Photoshoots.
Saw this on your site: the Masala Chai and Glazed Jalebi lip range.
I build the scene around your real product photos, so colour, shape and label text stay accurate. 24-48 hours, anything wrong gets redone.
Point me at one product and I'll send one frame free.
https://global-photoshoots.vercel.app/"
10,Moxie Beauty,brand,Haircare,919971193530,https://wa.me/919971193530,moxiebeauty.in,support@moxiebeauty.in,frizz-fighting hair serums and the humidity claim,364,"Hi Moxie Beauty team - Sudhir from Global Photoshoots.
Saw this on your site: frizz-fighting hair serums and the humidity claim.
I build the scene around your real product photos, so colour, shape and label text stay accurate. 24-48 hours, anything wrong gets redone.
Point me at one product and I'll send one frame free.
https://global-photoshoots.vercel.app/"
10,PetopiaCare,brand,Pet gear,919667742377,https://wa.me/919667742377,petopiacare.in,support@petopiacare.in,harnesses designed for Indian dog body shapes,359,"Hi PetopiaCare team - Sudhir from Global Photoshoots.
Saw this on your site: harnesses designed for Indian dog body shapes.
I build the scene around your real product photos, so colour, shape and label text stay accurate. 24-48 hours, anything wrong gets redone.
Point me at one product and I'll send one frame free.
https://global-photoshoots.vercel.app/"
10,Re'equil,brand,Skincare,917340758758,https://wa.me/917340758758,reequil.com,care@reequil.com,the Monsoon Essentials and Oil Control Summer sets,361,"Hi Re'equil team - Sudhir from Global Photoshoots.
Saw this on your site: the Monsoon Essentials and Oil Control Summer sets.
I build the scene around your real product photos, so colour, shape and label text stay accurate. 24-48 hours, anything wrong gets redone.
Point me at one product and I'll send one frame free.
https://global-photoshoots.vercel.app/"
10,Shopyogya,brand,Western wear,919217816963,https://wa.me/919217816963,shopyogya.com,info@shopyogya.com,co-ords and dress range,335,"Hi Shopyogya team - Sudhir from Global Photoshoots.
Saw this on your site: co-ords and dress range.
I build the scene around your real product photos, so colour, shape and label text stay accurate. 24-48 hours, anything wrong gets redone.
Point me at one product and I'll send one frame free.
https://global-photoshoots.vercel.app/"
10,Simply Silver by Neha,brand,Jewellery,919522007950,https://wa.me/919522007950,simplysilver.in,neha@simplysilver.in,the Seen On You real women real moments campaign,372,"Hi Simply Silver by Neha team - Sudhir from Global Photoshoots.
Saw this on your site: the Seen On You real women real moments campaign.
I build the scene around your real product photos, so colour, shape and label text stay accurate. 24-48 hours, anything wrong gets redone.
Point me at one product and I'll send one frame free.
https://global-photoshoots.vercel.app/"
10,Sumeko,brand,Candles and ceramics,917973573179,https://wa.me/917973573179,sumeko.in,hello@sumeko.in,soy candles and glazed ceramics,340,"Hi Sumeko team - Sudhir from Global Photoshoots.
Saw this on your site: soy candles and glazed ceramics.
I build the scene around your real product photos, so colour, shape and label text stay accurate. 24-48 hours, anything wrong gets redone.
Point me at one product and I'll send one frame free.
https://global-photoshoots.vercel.app/"
10,The PopDrop Store,brand,Custom apparel,918865999965,https://wa.me/918865999965,thepopdropstore.com,info@thepopdropstore.com,the customer mockup approval step before dispatch,369,"Hi The PopDrop Store team - Sudhir from Global Photoshoots.
Saw this on your site: the customer mockup approval step before dispatch.
I build the scene around your real product photos, so colour, shape and label text stay accurate. 24-48 hours, anything wrong gets redone.
Point me at one product and I'll send one frame free.
https://global-photoshoots.vercel.app/"
10,THE SUNYA,brand,Apparel,916239866318,https://wa.me/916239866318,thesunya.co,support@thesunya.co,52 knit polos across 6 colourways,345,"Hi THE SUNYA team - Sudhir from Global Photoshoots.
Saw this on your site: 52 knit polos across 6 colourways.
I build the scene around your real product photos, so colour, shape and label text stay accurate. 24-48 hours, anything wrong gets redone.
Point me at one product and I'll send one frame free.
https://global-photoshoots.vercel.app/"
10,YurSilver,brand,Jewellery and coins,917303386669,https://wa.me/917303386669,yursilver.com,Team@yursilver.com,999 silver coins and oxidized ethnic earrings,357,"Hi YurSilver team - Sudhir from Global Photoshoots.
Saw this on your site: 999 silver coins and oxidized ethnic earrings.
I build the scene around your real product photos, so colour, shape and label text stay accurate. 24-48 hours, anything wrong gets redone.
Point me at one product and I'll send one frame free.
https://global-photoshoots.vercel.app/"
10,Zinara,brand,Lab-grown jewellery,919217975782,https://wa.me/919217975782,zinara.in,admin@zinara.in,6-layer 18KT vermeil over 925 with lab-grown stones,360,"Hi Zinara team - Sudhir from Global Photoshoots.
Saw this on your site: 6-layer 18KT vermeil over 925 with lab-grown stones.
I build the scene around your real product photos, so colour, shape and label text stay accurate. 24-48 hours, anything wrong gets redone.
Point me at one product and I'll send one frame free.
https://global-photoshoots.vercel.app/"
6,Celljoy,marketplace,Consumer electronics,919870436088,https://wa.me/919870436088,celljoy.in,info@celljoy.in,200+ SKU catalogue across earphones and power banks,357,"Hi Celljoy team - Sudhir from Global Photoshoots.
Saw this on your site: 200+ SKU catalogue across earphones and power banks.
Amazon, Flipkart and Myntra compliant main images, from your real product photos, so the listing matches what ships. 24-48 hours.
Point me at one product and I'll send one free main image.
https://global-photoshoots.vercel.app/"
6,Gokul Snacks,marketplace,Snacks and bakery,919898954545,https://wa.me/919898954545,gokulsnacks.com,info@gokulsnacks.com,the full namkeen and bakery range from one factory,361,"Hi Gokul Snacks team - Sudhir from Global Photoshoots.
Saw this on your site: the full namkeen and bakery range from one factory.
Amazon, Flipkart and Myntra compliant main images, from your real product photos, so the listing matches what ships. 24-48 hours.
Point me at one product and I'll send one free main image.
https://global-photoshoots.vercel.app/"
2,The Skin Story,brand,Skincare and haircare,918591976281,https://wa.me/918591976281,theskinstory.in,orders@theskinstory.in,the Curl Range and Bond Repair regimes,355,"Hi The Skin Story team - Sudhir from Global Photoshoots.
Saw this on your site: the Curl Range and Bond Repair regimes.
I build the scene around your real product photos, so colour, shape and label text stay accurate. 24-48 hours, anything wrong gets redone.
Point me at one product and I'll send one frame free.
https://global-photoshoots.vercel.app/"
-4,Deconstruct,brand,Skincare,919398249040,https://wa.me/919398249040,thedeconstruct.in,wecare@thedeconstruct.in,single-active serums with the percentage printed on the pack,374,"Hi Deconstruct team - Sudhir from Global Photoshoots.
Saw this on your site: single-active serums with the percentage printed on the pack.
I build the scene around your real product photos, so colour, shape and label text stay accurate. 24-48 hours, anything wrong gets redone.
Point me at one product and I'll send one frame free.
https://global-photoshoots.vercel.app/"
